[
    {
        "id": 1,
        "age": 50,
        "blood_pressure": 179,
        "cholesterol": 184,
        "glucose": 138,
        "bmi": 23.8,
        "heart_rate": 69,
        "mean radius": 13.1,
        "mean texture": 17.35,
        "mean perimeter": 116.99,
        "mean area": 841.36,
        "mean smoothness": 0.0683
    },
    {
        "id": 2,
        "age": 70,
        "blood_pressure": 158,
        "cholesterol": 172,
        "glucose": 185,
        "bmi": 38.3,
        "heart_rate": 109,
        "mean radius": 10.78,
        "mean texture": 16.32,
        "mean perimeter": 73.78,
        "mean area": 1165.85,
        "mean smoothness": 0.1439
    },
    {
        "id": 3,
        "age": 31,
        "blood_pressure": 163,
        "cholesterol": 204,
        "glucose": 150,
        "bmi": 21.1,
        "heart_rate": 77,
        "mean radius": 16.7,
        "mean texture": 24.97,
        "mean perimeter": 117.2,
        "mean area": 1042.44,
        "mean smoothness": 0.1327
    },
    {
        "id": 4,
        "age": 56,
        "blood_pressure": 121,
        "cholesterol": 181,
        "glucose": 102,
        "bmi": 18.8,
        "heart_rate": 60,
        "mean radius": 14.16,
        "mean texture": 12.6,
        "mean perimeter": 111.22,
        "mean area": 631.57,
        "mean smoothness": 0.1713
    },
    {
        "id": 5,
        "age": 71,
        "blood_pressure": 165,
        "cholesterol": 202,
        "glucose": 157,
        "bmi": 21.3,
        "heart_rate": 120,
        "mean radius": 13.75,
        "mean texture": 20.38,
        "mean perimeter": 147.71,
        "mean area": 1181.02,
        "mean smoothness": 0.0611
    },
    {
        "id": 6,
        "age": 77,
        "blood_pressure": 178,
        "cholesterol": 157,
        "glucose": 163,
        "bmi": 38.7,
        "heart_rate": 119,
        "mean radius": 17.56,
        "mean texture": 16.02,
        "mean perimeter": 95.06,
        "mean area": 432.78,
        "mean smoothness": 0.1002
    },
    {
        "id": 7,
        "age": 45,
        "blood_pressure": 164,
        "cholesterol": 288,
        "glucose": 90,
        "bmi": 31.3,
        "heart_rate": 82,
        "mean radius": 12.33,
        "mean texture": 12.47,
        "mean perimeter": 104.67,
        "mean area": 912.84,
        "mean smoothness": 0.1058
    },
    {
        "id": 8,
        "age": 52,
        "blood_pressure": 127,
        "cholesterol": 196,
        "glucose": 124,
        "bmi": 18.3,
        "heart_rate": 108,
        "mean radius": 17.28,
        "mean texture": 13.8,
        "mean perimeter": 141.3,
        "mean area": 1073.43,
        "mean smoothness": 0.1385
    },
    {
        "id": 9,
        "age": 63,
        "blood_pressure": 108,
        "cholesterol": 251,
        "glucose": 155,
        "bmi": 38.4,
        "heart_rate": 88,
        "mean radius": 16.19,
        "mean texture": 19.42,
        "mean perimeter": 98.58,
        "mean area": 1187.18,
        "mean smoothness": 0.0677
    },
    {
        "id": 10,
        "age": 45,
        "blood_pressure": 97,
        "cholesterol": 292,
        "glucose": 107,
        "bmi": 32.0,
        "heart_rate": 106,
        "mean radius": 18.1,
        "mean texture": 10.13,
        "mean perimeter": 134.43,
        "mean area": 729.8,
        "mean smoothness": 0.0916
    },
    {
        "id": 11,
        "age": 56,
        "blood_pressure": 124,
        "cholesterol": 170,
        "glucose": 91,
        "bmi": 21.1,
        "heart_rate": 89,
        "mean radius": 19.8,
        "mean texture": 19.71,
        "mean perimeter": 72.22,
        "mean area": 1172.86,
        "mean smoothness": 0.1438
    },
    {
        "id": 12,
        "age": 79,
        "blood_pressure": 161,
        "cholesterol": 166,
        "glucose": 81,
        "bmi": 24.6,
        "heart_rate": 88,
        "mean radius": 12.26,
        "mean texture": 12.5,
        "mean perimeter": 125.49,
        "mean area": 1119.62,
        "mean smoothness": 0.1147
    },
    {
        "id": 13,
        "age": 54,
        "blood_pressure": 164,
        "cholesterol": 196,
        "glucose": 142,
        "bmi": 24.7,
        "heart_rate": 69,
        "mean radius": 12.47,
        "mean texture": 10.45,
        "mean perimeter": 148.16,
        "mean area": 619.95,
        "mean smoothness": 0.1117
    },
    {
        "id": 14,
        "age": 48,
        "blood_pressure": 127,
        "cholesterol": 248,
        "glucose": 90,
        "bmi": 20.1,
        "heart_rate": 69,
        "mean radius": 19.64,
        "mean texture": 18.43,
        "mean perimeter": 124.93,
        "mean area": 423.04,
        "mean smoothness": 0.0716
    },
    {
        "id": 15,
        "age": 73,
        "blood_pressure": 97,
        "cholesterol": 225,
        "glucose": 74,
        "bmi": 36.7,
        "heart_rate": 83,
        "mean radius": 12.86,
        "mean texture": 10.37,
        "mean perimeter": 97.88,
        "mean area": 502.17,
        "mean smoothness": 0.1108
    },
    {
        "id": 16,
        "age": 34,
        "blood_pressure": 125,
        "cholesterol": 185,
        "glucose": 183,
        "bmi": 23.2,
        "heart_rate": 115,
        "mean radius": 17.78,
        "mean texture": 19.11,
        "mean perimeter": 72.86,
        "mean area": 864.27,
        "mean smoothness": 0.1001
    },
    {
        "id": 17,
        "age": 32,
        "blood_pressure": 114,
        "cholesterol": 225,
        "glucose": 168,
        "bmi": 18.9,
        "heart_rate": 63,
        "mean radius": 12.66,
        "mean texture": 11.74,
        "mean perimeter": 125.1,
        "mean area": 758.62,
        "mean smoothness": 0.1651
    },
    {
        "id": 18,
        "age": 38,
        "blood_pressure": 126,
        "cholesterol": 216,
        "glucose": 125,
        "bmi": 33.7,
        "heart_rate": 108,
        "mean radius": 18.87,
        "mean texture": 29.57,
        "mean perimeter": 112.58,
        "mean area": 982.09,
        "mean smoothness": 0.0777
    },
    {
        "id": 19,
        "age": 44,
        "blood_pressure": 170,
        "cholesterol": 269,
        "glucose": 156,
        "bmi": 27.7,
        "heart_rate": 116,
        "mean radius": 17.35,
        "mean texture": 27.63,
        "mean perimeter": 127.62,
        "mean area": 1041.91,
        "mean smoothness": 0.1649
    },
    {
        "id": 20,
        "age": 60,
        "blood_pressure": 80,
        "cholesterol": 190,
        "glucose": 150,
        "bmi": 31.8,
        "heart_rate": 112,
        "mean radius": 11.74,
        "mean texture": 13.6,
        "mean perimeter": 98.44,
        "mean area": 702.03,
        "mean smoothness": 0.0724
    },
    {
        "id": 21,
        "age": 62,
        "blood_pressure": 171,
        "cholesterol": 228,
        "glucose": 186,
        "bmi": 24.3,
        "heart_rate": 75,
        "mean radius": 11.79,
        "mean texture": 29.68,
        "mean perimeter": 113.42,
        "mean area": 636.82,
        "mean smoothness": 0.1791
    },
    {
        "id": 22,
        "age": 73,
        "blood_pressure": 147,
        "cholesterol": 258,
        "glucose": 154,
        "bmi": 19.6,
        "heart_rate": 77,
        "mean radius": 12.35,
        "mean texture": 10.65,
        "mean perimeter": 93.47,
        "mean area": 497.28,
        "mean smoothness": 0.0811
    },
    {
        "id": 23,
        "age": 50,
        "blood_pressure": 132,
        "cholesterol": 156,
        "glucose": 101,
        "bmi": 33.2,
        "heart_rate": 84,
        "mean radius": 17.08,
        "mean texture": 13.62,
        "mean perimeter": 100.61,
        "mean area": 966.21,
        "mean smoothness": 0.1091
    },
    {
        "id": 24,
        "age": 63,
        "blood_pressure": 168,
        "cholesterol": 150,
        "glucose": 82,
        "bmi": 33.4,
        "heart_rate": 97,
        "mean radius": 15.79,
        "mean texture": 28.12,
        "mean perimeter": 69.53,
        "mean area": 961.61,
        "mean smoothness": 0.052
    },
    {
        "id": 25,
        "age": 52,
        "blood_pressure": 158,
        "cholesterol": 179,
        "glucose": 185,
        "bmi": 38.8,
        "heart_rate": 74,
        "mean radius": 19.39,
        "mean texture": 29.56,
        "mean perimeter": 127.82,
        "mean area": 596.0,
        "mean smoothness": 0.1707
    }
]